﻿{"cameraMode":{"drawMode":0,"name":"Shaded","section":"Shading Mode"},"sceneLighting":true,"audioPlay":false,"sceneViewState":{"showFog":true,"showMaterialUpdate":false,"showSkybox":true,"showFlares":true,"showImageEffects":true,"showParticleSystems":true},"in2DMode":false,"pivot":{"x":1.193439245223999,"y":27.658538818359376,"z":-9.541877746582032},"rotation":{"x":0.001311218598857522,"y":0.8838381171226502,"z":-0.46781259775161745,"w":0.0024750339798629286},"size":60.49647521972656,"orthographic":false}